"","county","ratio"
"1","DU PAGE",5.07045208567342
"2","CHAMPAIGN",4.64268169339691
"3","WASHTENAW",4.14367862810449
"4","COOK",3.69368315832094
"5","TIPPECANOE",3.6914807271168
"6","JACKSON",3.56657441826191
"7","LA CROSSE",2.72409707468541
"8","INGHAM",2.68239734385198
"9","EAU CLAIRE",2.49345526689598
"10","MONROE",2.48949329222412
